PhosphoSiteID,KinaseID,TargetID,log2FC,pValue
S167,AURKB,MPHOSPH10,2.21,0.014
S171,AURKB,MPHOSPH10,2.21,0.014
S163,AURKB,MPHOSPH10,1.94,0.068
S119,CSNK2A1,PDCD5,1.14,0.038
S339,MTOR,OXSR1,3.22,0.001
S138,AKT1,BCL10,0.86,0.00074
T19,CHEK1,LMNA,-1.42,0.041
S392,CHEK1,LMNA,-0.38,0.057
S22,CHEK1,LMNA,-0.91,0.0015
S458,CHEK1,LMNA,0.4,0.32
S390,CHEK1,LMNA,-0.38,0.057
S78,MAPK14,HSPB1,0.98,0.002
S78,AKT1,HSPB1,0.98,0.002
S82,AKT1,HSPB1,0.98,0.002
S15,MAPK14,HSPB1,-0.37,0.55
S15,AKT1,HSPB1,-0.37,0.55
S82,MAPK14,HSPB1,0.98,0.002
S7,CSNK2A1,HMGN1,0.04,0.98
T199,AURKB,NPM1,-1.49,0.16
S254,CSNK2A1,NPM1,-1.43,0.00056
T199,CSNK2A1,NPM1,-1.49,0.16
S125,AURKB,NPM1,2.2,0.00074
S125,CSNK2A1,NPM1,2.2,0.00074
S125,AKT1,NPM1,2.2,0.00074
S254,AKT1,NPM1,-1.43,0.00056
T199,AKT1,NPM1,-1.49,0.16
S260,CSNK2A1,NPM1,-1.76,0.01
S260,AKT1,NPM1,-1.76,0.01
S260,AURKB,NPM1,-1.76,0.01
S254,AURKB,NPM1,-1.43,0.00056
S7,AURKB,H2BC11,0.85,0.33
S7,AKT1,H2BC11,0.85,0.33
S255,CSNK2A1,HSP90AB1,2.18,0.0018
S255,AURKB,HSP90AB1,2.18,0.0018
S42,AKT1,VIM,-4.15,0.0095
S459,AKT1,VIM,-1.29,0.023
S459,AURKB,VIM,-1.29,0.023
S430,AKT1,VIM,0.6,0.47
S430,AURKB,VIM,0.6,0.47
S42,AURKB,VIM,-4.15,0.0095
S325,AKT1,VIM,0.79,0.22
S56,AKT1,VIM,-4.28,0.027
S56,AURKB,VIM,-4.28,0.027
S325,AURKB,VIM,0.79,0.22
S6,AKT1,HNRNPA1,0.7,0.045
S6,CSNK2A1,HNRNPA1,0.7,0.045
S1213,CSNK2A1,TOP2A,-0.76,0.027
S1525,CSNK2A1,TOP2A,1.58,0.018
S224,CSNK2A1,SRF,1.07,0.0019
T455,CHEK1,XRCC6,0.98,0.0083
S37,AKT1,PKM,1.51,0.0013
S37,AURKB,PKM,1.51,0.0013
S446,AKT1,BRAF,1.38,0.012
S151,AKT1,BRAF,-0.4,0.77
S103,CSNK2A1,HMGA1,1.89,0.026
S102,CSNK2A1,HMGA1,1.84,0.011
S51,AURKB,NELFE,-0.51,0.36
S115,AURKB,NELFE,0.19,0.83
S66,CHEK1,LIG1,0.64,0.26
S66,CSNK2A1,LIG1,0.64,0.26
S76,CHEK1,LIG1,0.64,0.26
S76,CSNK2A1,LIG1,0.64,0.26
S186,MAPK14,USF1,0.67,0.056
S85,CHEK1,HNRNPA2B1,1.36,0.00085
S259,CHEK1,HNRNPA2B1,-0.37,0.36
S143,AKT1,DNMT1,0.47,0.17
S714,AKT1,DNMT1,2.18,0.0019
S143,MTOR,DNMT1,0.47,0.17
S714,MTOR,DNMT1,2.18,0.0019
S641,CSNK2A1,CTNNA1,2.97,0.001
S1943,CSNK2A1,MYH9,1.5,0.022
S1956,CSNK2A1,MYH10,0,0
S1956,AURKB,MYH10,0,0
S358,CHEK1,ADD1,0.48,0.13
S23,CHEK1,MAP2K2,0,0
S727,MAPK14,STAT1,0.16,0.72
S727,CSNK2A1,STAT1,0.16,0.72
S188,CHEK1,MATR3,2.19,0.00063
S598,CHEK1,MATR3,0.38,0.26
S90,AKT1,MAP2K4,0.95,0.012
S2708,CHEK1,MKI67,-1.22,0.014
S3041,AURKB,MKI67,-1.36,0.0018
S579,CHEK1,MKI67,-2.26,0.019
S3041,CHEK1,MKI67,-1.36,0.0018
S1376,AURKB,MKI67,-1.84,0.074
S2708,AURKB,MKI67,-1.22,0.014
S1758,CHEK1,MKI67,-0.86,0.018
S1071,AURKB,MKI67,-1.42,0.03
S1376,CHEK1,MKI67,-1.84,0.074
S1679,AURKB,MKI67,-2.43,0.011
S1679,CHEK1,MKI67,-2.43,0.011
S2223,CHEK1,MKI67,-1.93,0.038
S2528,CHEK1,MKI67,-2.78,0.016
S1131,CHEK1,MKI67,-1.58,0.0067
S584,CHEK1,MKI67,-2.43,0.025
S579,AURKB,MKI67,-2.26,0.019
S584,AURKB,MKI67,-2.43,0.025
S1131,AURKB,MKI67,-1.58,0.0067
S2528,AURKB,MKI67,-2.78,0.016
R1760,AURKB,MKI67,0,0
S1758,AURKB,MKI67,-0.86,0.018
S1071,CHEK1,MKI67,-1.42,0.03
R1760,CHEK1,MKI67,0,0
S2223,AURKB,MKI67,-1.93,0.038
T2458,CHEK1,RANBP2,0.41,0.4
T2153,CHEK1,RANBP2,-1.23,0.033
S2510,CHEK1,RANBP2,-1.99,0.0019
S227,AKT1,RPS6KA3,1.15,0.089
S369,AKT1,RPS6KA3,1.14,0.0039
S715,AKT1,RPS6KA3,0.68,0.026
T315,CSNK2A1,CCNH,1.16,0.012
S481,AKT1,ACLY,0.35,0.29
S455,AKT1,ACLY,0.96,0.0091
S298,MAPK14,LIMK1,0,0
S10,CSNK2A1,EIF5,0.26,0.17
S5,AKT1,SRSF3,0,1
S363,MTOR,HSF1,0.94,0.059
S363,AKT1,HSF1,0.94,0.059
S363,MAPK14,HSF1,0.94,0.059
S94,CSNK2A1,XPC,1.97,0.064
S1596,CSNK2A1,EIF4G1,2.17,0.00083
S1187,CSNK2A1,EIF4G1,0.7,3e-04
S1147,CSNK2A1,EIF4G1,0.55,0.23
S1145,CSNK2A1,EIF4G1,0.55,0.23
S444,CSNK2A1,SSRP1,2.94,0.00029
S844,CHEK1,CAMSAP2,0.19,0.52
S1068,CHEK1,GTF3C1,0.65,0.28
S1426,CHEK1,TP53BP1,-1.53,0.0065
S500,CHEK1,TP53BP1,0.54,0.6
S552,AURKB,TP53BP1,2.5,0.0071
S1430,AURKB,TP53BP1,-1.53,0.0065
S1426,AURKB,TP53BP1,-1.53,0.0065
S552,CHEK1,TP53BP1,2.5,0.0071
S1094,AURKB,TP53BP1,0.99,0.028
S1219,CHEK1,TP53BP1,1.13,4e-04
S1094,CHEK1,TP53BP1,0.99,0.028
S1216,AURKB,TP53BP1,1.13,4e-04
S500,AURKB,TP53BP1,0.54,0.6
S1430,CHEK1,TP53BP1,-1.53,0.0065
S1216,CHEK1,TP53BP1,1.13,4e-04
S1219,AURKB,TP53BP1,1.13,4e-04
S320,AKT1,STK4,2.05,0.0092
S320,CHEK1,STK4,2.05,0.0092
S316,AKT1,STK3,2.94,0.0036
S473,CHEK1,TRIM28,-0.21,0.47
S473,MAPK14,TRIM28,-0.21,0.47
S50,MAPK14,TRIM28,0.88,0.012
S50,CHEK1,TRIM28,0.88,0.012
S393,CSNK2A1,HDAC1,2.34,0.019
S280,CSNK2A1,TNFAIP1,1.21,0.0051
S342,CHEK1,CDK13,0.4,0.52
S437,CHEK1,CDK13,1.17,0.12
S348,CHEK1,CDK13,0.54,0.6
S439,CHEK1,CDK13,1.17,0.12
S397,CHEK1,CDK13,-0.89,0.031
S400,CHEK1,CDK13,-0.89,0.031
S358,CHEK1,CDK13,0.66,0.17
T2446,AKT1,FLNC,0.5,0.26
S2598,AKT1,FLNC,-0.19,0.78
S1728,AKT1,FLNC,0.1,0.79
S1527,AKT1,FLNC,0.54,0.018
T2677,AKT1,FLNC,0.26,0.72
S2233,AKT1,FLNC,-0.24,0.36
S1427,CHEK1,TRIP12,-1.35,0.091
S241,CHEK1,TRIP12,-1.3,0.028
T1421,CHEK1,TRIP12,-1.35,0.091
S1376,CHEK1,TRIP12,2.31,0.00063
S238,CHEK1,TRIP12,-0.73,0.16
S239,CHEK1,TRIP12,-1.3,0.028
S1820,CSNK2A1,MDC1,0.67,0.2
S495,CSNK2A1,MDC1,1.42,0.00093
S485,CHEK1,MDC1,1.25,0.05
S498,CSNK2A1,MDC1,1.42,0.00093
S498,CHEK1,MDC1,1.42,0.00093
S505,CHEK1,MDC1,0.61,0.027
T242,CSNK2A1,MDC1,1,0.016
S1820,CHEK1,MDC1,0.67,0.2
S505,CSNK2A1,MDC1,0.61,0.027
S495,CHEK1,MDC1,1.42,0.00093
S485,CSNK2A1,MDC1,1.25,0.05
T242,CHEK1,MDC1,1,0.016
S169,AURKB,NUMA1,2.11,0.013
S218,CSNK2A1,SEPTIN2,2.77,0.00012
S104,AKT1,PEA15,0.71,0.24
S116,AKT1,PEA15,1.46,0.018
S4386,AURKB,PLEC,0.45,0.059
S4396,AURKB,PLEC,-1.78,0.009
S4613,AURKB,PLEC,-0.03,0.92
S1721,AURKB,PLEC,0.46,0.027
S720,AURKB,PLEC,0.34,0.53
S1435,AURKB,PLEC,-0.86,0.056
T4030,AURKB,PLEC,0.63,0.16
S4389,AURKB,PLEC,0.45,0.059
T2886,AURKB,PLEC,2.03,0.00012
S1223,CHEK1,MED1,-0.82,0.084
T487,MAPK14,EZH2,1.91,0.00012
T416,AKT1,EZH2,0.27,0.37
T487,AKT1,EZH2,1.91,0.00012
T416,MAPK14,EZH2,0.27,0.37
S244,CHEK1,CCDC6,0.9,0.059
S323,CHEK1,CCDC6,0,0
S457,AKT1,PDCD4,0.25,0.43
S94,AKT1,PDCD4,-0.77,0.036
S326,AURKB,COBLL1,0.1,0.86
T260,AURKB,COBLL1,-1.48,0.09
S256,AURKB,COBLL1,-1.48,0.09
S7,AURKB,H2BC18,0.69,0.45
S7,AKT1,H2BC18,0.69,0.45
S3860,MTOR,UBR4,0.54,0.13
S795,CHEK1,RBM26,-0.21,0.73
T925,CHEK1,CTR9,1.78,0.0077
S774,MTOR,LARP1,-1.68,0.00063
T649,MTOR,LARP1,-0.02,0.97
S546,MTOR,LARP1,1.45,0.09
S517,MTOR,LARP1,0.92,0.25
S524,MTOR,SRRM1,0.63,0.49
S450,MTOR,SRRM1,0.82,0.13
S740,MTOR,SRRM1,-1.02,0.0085
S530,MTOR,SRRM1,0.63,0.49
S526,MTOR,SRRM1,0.63,0.49
S402,MTOR,SRRM1,0.39,0.31
S713,MTOR,SRRM1,1.12,0.047
S696,MTOR,SRRM1,0.71,0.32
T872,MTOR,SRRM1,0.45,0.33
S597,MTOR,SRRM1,-0.22,0.5
S874,MTOR,SRRM1,1.73,0.077
S626,MTOR,SRRM1,0.47,0.36
S393,MTOR,SRRM1,1.81,0.0041
S738,MTOR,SRRM1,-1.02,0.0085
S528,MTOR,SRRM1,0.63,0.49
S628,MTOR,SRRM1,0.47,0.36
S389,MTOR,SRRM1,1.81,0.0041
S228,CSNK2A1,ABCF1,3.19,0.00036
S109,CSNK2A1,ABCF1,1.54,8e-04
S1475,AURKB,GBF1,3.02,4e-04
S1475,CSNK2A1,GBF1,3.02,4e-04
T244,CSNK2A1,ANP32B,1.19,0.11
S394,CSNK2A1,HDAC2,3.28,0.00015
S181,MAPK14,KHSRP,0.59,0.043
S181,AKT1,KHSRP,0.59,0.043
S782,CHEK1,ARHGEF2,-0.64,0.12
S648,CHEK1,ARHGEF2,1.42,0.0067
S645,CHEK1,ARHGEF2,0.92,0.00085
S202,MAPK14,KAT5,2.25,0.0081
S199,MAPK14,KAT5,2.25,0.0081
S155,MAPK14,RBM17,2.79,0.0042
S163,CHEK1,BUD13,1.12,0.059
T159,CHEK1,BUD13,0.68,0.16
S271,CHEK1,BUD13,-1.14,0.13
S235,CHEK1,BUD13,0.44,0.061
S708,AKT1,NIBAN1,1.96,0.0017
S82,CHEK1,DDX24,1.3,0.0068
S101,AKT1,RANBP3,1.57,0.0081
S108,AKT1,RANBP3,2.02,0.0046
S315,AURKB,SH2D4A,0.05,0.9
S611,AURKB,ARHGAP23,0.28,0.069
S647,AURKB,ARHGAP23,0.37,0.12
S623,AURKB,ARHGAP23,0.81,0.072
S361,AURKB,ARHGAP23,0.51,0.24
T268,AKT1,METTL1,-0.51,0.11
S1342,MAPK14,BAZ1B,1.24,0.0024
S1468,MAPK14,BAZ1B,2.25,0.00068
S349,MAPK14,BAZ1B,-1.28,0.0068
S295,CHEK1,RALY,-0.63,0.064
S135,CHEK1,RALY,-0.74,0.05
S288,CHEK1,RALY,1.04,0.00085
T298,CHEK1,RALY,0.77,0.017
T286,CHEK1,RALY,1.04,0.00085
S216,AKT1,ACIN1,1.66,0.004
S657,AKT1,ACIN1,0.22,0.37
S388,AKT1,ACIN1,1.65,0.21
S655,AKT1,ACIN1,-0.11,0.88
S386,AKT1,ACIN1,1.65,0.21
S240,AKT1,ACIN1,0.54,0.16
S561,AKT1,ACIN1,-0.86,0.14
S243,AKT1,ACIN1,0.54,0.16
S1004,AKT1,ACIN1,0.32,0.36
S895,CHEK1,SRRM2,0.71,0.47
T2069,MTOR,SRRM2,1.12,0.13
S1750,CHEK1,SRRM2,-0.68,0.32
S952,CHEK1,SRRM2,0.84,0.2
S1521,MTOR,SRRM2,0.85,0.054
T2104,CHEK1,SRRM2,-1.22,0.049
S1600,CHEK1,SRRM2,0.23,0.63
S1188,CHEK1,SRRM2,-0.05,0.93
S1522,CHEK1,SRRM2,0.85,0.054
T1531,CHEK1,SRRM2,-1.31,0.0063
S1732,CHEK1,SRRM2,0.8,0.53
S1581,CHEK1,SRRM2,0.41,0.46
S2102,CHEK1,SRRM2,-1.22,0.049
S790,CHEK1,SRRM2,0.47,0.15
T792,CHEK1,SRRM2,0.47,0.15
T1531,MTOR,SRRM2,-1.31,0.0063
S1864,CHEK1,SRRM2,-0.06,0.94
S895,MTOR,SRRM2,0.71,0.47
S1579,MTOR,SRRM2,0.15,0.72
S353,MTOR,SRRM2,-0.6,0.27
S883,CHEK1,SRRM2,0.74,0.059
T1492,CHEK1,SRRM2,-0.22,0.62
S1179,CHEK1,SRRM2,-0.74,0.033
S1731,MTOR,SRRM2,1.07,0.26
S1727,CHEK1,SRRM2,0.81,0.3
S782,CHEK1,SRRM2,0.55,0.5
S1521,CHEK1,SRRM2,0.85,0.054
S1975,CHEK1,SRRM2,0.67,0.058
S764,CHEK1,SRRM2,0.33,0.65
S1579,CHEK1,SRRM2,0.15,0.72
S2071,MTOR,SRRM2,1.12,0.13
S1589,CHEK1,SRRM2,0.55,0.23
S1592,CHEK1,SRRM2,0.55,0.23
S1589,MTOR,SRRM2,0.55,0.23
S954,MTOR,SRRM2,0.84,0.2
S353,CHEK1,SRRM2,-0.6,0.27
S763,CHEK1,SRRM2,0.33,0.65
T2069,CHEK1,SRRM2,1.12,0.13
S144,CHEK1,SRRM2,-0.69,0.32
S1497,MTOR,SRRM2,0.19,0.84
T792,MTOR,SRRM2,0.47,0.15
S876,CHEK1,SRRM2,0.76,0.035
T1434,CHEK1,SRRM2,1.01,0.16
S2071,CHEK1,SRRM2,1.12,0.13
S2100,CHEK1,SRRM2,-1.05,0.14
S2100,MTOR,SRRM2,-1.05,0.14
S1592,MTOR,SRRM2,0.55,0.23
S1729,MTOR,SRRM2,1.13,0.37
S2102,MTOR,SRRM2,-1.22,0.049
S780,CHEK1,SRRM2,-0.28,0.49
S1975,MTOR,SRRM2,0.67,0.058
S1749,CHEK1,SRRM2,-0.68,0.32
S954,CHEK1,SRRM2,0.84,0.2
S1750,MTOR,SRRM2,-0.68,0.32
S1537,MTOR,SRRM2,-0.43,0.39
S1537,CHEK1,SRRM2,-0.43,0.39
S883,MTOR,SRRM2,0.74,0.059
S2046,CHEK1,SRRM2,0.52,0.43
S782,MTOR,SRRM2,0.55,0.5
S1729,CHEK1,SRRM2,1.13,0.37
S876,MTOR,SRRM2,0.76,0.035
S2382,CHEK1,SRRM2,-1.93,0.0058
S1497,CHEK1,SRRM2,0.19,0.84
S875,MTOR,SRRM2,0.53,0.15
S1731,CHEK1,SRRM2,1.07,0.26
S1727,MTOR,SRRM2,0.81,0.3
S1581,MTOR,SRRM2,0.41,0.46
S952,MTOR,SRRM2,0.84,0.2
S790,MTOR,SRRM2,0.47,0.15
S2046,MTOR,SRRM2,0.52,0.43
S957,MTOR,SRRM2,0.72,0.24
S1522,MTOR,SRRM2,0.85,0.054
S763,MTOR,SRRM2,0.33,0.65
T1413,CHEK1,SRRM2,0.34,0.17
S1732,MTOR,SRRM2,0.8,0.53
T1413,MTOR,SRRM2,0.34,0.17
S1749,MTOR,SRRM2,-0.68,0.32
S2581,MTOR,SRRM2,0.24,0.65
S144,MTOR,SRRM2,-0.69,0.32
S1864,MTOR,SRRM2,-0.06,0.94
S2581,CHEK1,SRRM2,0.24,0.65
T1434,MTOR,SRRM2,1.01,0.16
S1600,MTOR,SRRM2,0.23,0.63
T1492,MTOR,SRRM2,-0.22,0.62
S780,MTOR,SRRM2,-0.28,0.49
S1188,MTOR,SRRM2,-0.05,0.93
S1179,MTOR,SRRM2,-0.74,0.033
S875,CHEK1,SRRM2,0.53,0.15
S764,MTOR,SRRM2,0.33,0.65
S957,CHEK1,SRRM2,0.72,0.24
S2382,MTOR,SRRM2,-1.93,0.0058
T2104,MTOR,SRRM2,-1.22,0.049
A422,CSNK2A1,CTDP1,0.2,0.58
S56,AKT1,RBM8A,2.49,0.00015
S42,AKT1,RBM8A,0.75,0.01
